The Zoya Factor,Abhishek Sharma,India,2019,TV-14,135,Movie
Crazy people,Moses Inwang,Nigeria,2018,TV-14,107,Movie
I Lost My Body,JÃ©rÃ©my Clapin,France,2019,TV-MA,81,Movie
Kalushi: The Story of Solomon Mahlangu,Mandla Dube,South Africa,2016,TV-MA,107,Movie
Payday,Cheta Chukwu,Nigeria,2018,TV-MA,110,Movie
The Accidental Spy,Roger Russell,Nigeria,2017,TV-14,104,Movie
The Island,Toka McBaror,Nigeria,2018,TV-14,93,Movie
Holiday Rush,Leslie Small,United States,2019,TV-PG,94,Movie
The Score,Frank Oz,Canada,2001,R,124,Movie
Defiance,Edward Zwick,United States,2008,R,137,Movie
Evvarikee Cheppoddu,Basava Shankar Eeday,India,2019,TV-14,134,Movie
The Irishman,Martin Scorsese,United States,2019,R,209,Movie
Mike Birbiglia: The New One,Seth Barrish,United States,2019,TV-MA,86,Movie
Super Monsters Save Christmas,Steve Ball,United States,2019,TV-Y,24,Movie
Nowhere Man,DJ Chen,Taiwan,2019,TV-MA,1,TV Show
"Bring It On Ghost",Park Joon-hwa,South Korea,2016,TV-14,1,TV Show
Pranaam,Sanjiv Jaiswal,India,2019,TV-MA,117,Movie
Awake,"Aleksandr Chernyaev Fedor Lyass",United States,2019,TV-MA,92,Movie
Popeye,Robert Altman,United States,1980,PG,114,Movie
Shot Caller,Ric Roman Waugh,United States,2017,R,121,Movie
Charlotte's Web,"Charles A. Nichols Iwao Takamoto",United States,1973,G,94,Movie
End of Watch,David Ayer,United States,2012,R,109,Movie
Hamburger Hill,John Irvin,United States,1987,R,110,Movie
The Time Machine,Simon Wells,United Arab Emirates,2002,PG-13,96,Movie
Brother,Julien Abraham,France,2019,TV-MA,97,Movie
Reply 1994,Shin Won-ho,South Korea,2014,TV-14,1,TV Show
Reply 1997,Shin Won-ho,South Korea,2012,TV-14,1,TV Show
Girls und Panzer der Film,Tsutomu Mizushima,Japan,2015,TV-14,121,Movie
Shelby American,"Nate Adams Adam Carolla",United States,2019,TV-14,119,Movie
K-19: The Widowmaker,Kathryn Bigelow,Canada,2002,PG-13,138,Movie
The Knight Before Christmas,Monika Mitchell,United States,2019,TV-14,93,Movie
7 (Seven),Nizar Shafi,India,2019,TV-14,1,TV Show
Adore,Anne Fontaine,Australia,2013,R,111,Movie
Be Somebody,Joshua Caldwell,United States,2016,PG,88,Movie
Beavis and Butt-head Do America,Mike Judge,United States,1996,PG-13,81,Movie
The Chosen One,Michel Tikhomiroff,Brazil,2019,TV-MA,1,TV Show
Bebe's Kids,Bruce W. Smith,United States,1992,PG-13,73,Movie
"Bikram: Yogi Guru Predator",Eva Orner,United States,2019,TV-MA,86,Movie
Black Snake Moan,Craig Brewer,United States,2007,R,116,Movie
Carriers,"Ãlex Pastor David Pastor",United States,2009,PG-13,85,Movie
Dorasaani,KVR Mahendra,India,2019,TV-14,134,Movie
Dream/Killer,Andrew Jenks,United States,2015,TV-MA,109,Movie
Evolution,Ivan Reitman,United States,2001,PG-13,102,Movie
Eye for an Eye,John Schlesinger,United States,1996,R,101,Movie
Hot Rod,Akiva Schaffer,United States,2007,PG-13,88,Movie
It Takes Two,Andy Tennant,United States,1995,PG,101,Movie
"Lorena Light-Footed Woman",Juan Carlos Rulfo,Mexico,2019,TV-G,28,Movie
"Love Rosie",Christian Ditter,Germany,2014,R,103,Movie
Mallesham,Raj R,India,2019,TV-PG,131,Movie
Once Upon a Time in the West,Sergio Leone,Italy,1968,PG-13,166,Movie
She's Out of My League,Jim Field Smith,United States,2010,R,105,Movie
Superstar,Bruce McCulloch,United States,1999,PG-13,82,Movie
The Adventures of Tintin,Steven Spielberg,New Zealand,2011,PG,107,Movie
The Devil Inside,William Brent Bell,United States,2012,R,84,Movie
The First Wives Club,Hugh WIlson,United States,1996,PG,103,Movie
The Gift,Sam Raimi,United States,2000,R,112,Movie
"The Goods: Live Hard Sell Hard",Neal Brennan,United States,2009,R,89,Movie
Crime Diaries: Night Out,Felipe Cano,Mexico,2019,TV-MA,1,TV Show
The Longest Yard,Robert Aldrich,United States,1974,R,121,Movie
The Love Guru,Marco Schnabel,Germany,2008,PG-13,87,Movie
The Rainmaker,Francis Ford Coppola,Germany,1997,PG-13,136,Movie
What's Eating Gilbert Grape,Lasse HallstrÃ¶m,United States,1993,PG-13,118,Movie
World Trade Center,Oliver Stone,United States,2006,PG-13,129,Movie
The Hateful Eight: Extended Version,Quentin Tarantino,United States,2015,R,1,TV Show
Young Adult,Jason Reitman,United States,2011,R,94,Movie
"Yours e and Ours",Raja Gosnell,United States,2005,PG,88,Movie
Zodiac,David Fincher,United States,2007,R,158,Movie
Iliza Shlesinger: Unveiled,Steve Paley,United States,2019,TV-MA,78,Movie
Drive,Nicolas Winding Refn,United States,2011,R,100,Movie
Jeff Dunham: All Over the Map,Robb Dipple,United States,2014,TV-14,84,Movie
Suffragette,Sarah Gavron,France,2015,PG-13,107,Movie
The Green Inferno,Eli Roth,Spain,2013,R,101,Movie
Persona,"Lee Kyoungmi Yim Pilsung Jeon Go-woon Kim Jong-kwan",South Korea,2019,TV-MA,1,TV Show
Earthquake Bird,Wash Westmoreland,United States,2019,R,107,Movie
El sendero de la anaconda,Alessandro Angulo,Colombia,2019,TV-PG,74,Movie
Maggie & Bianca: Fashion Friends,Iginio Straffi,Italy,2017,TV-Y7,1,TV Show
Trailer Park Boys: The Animated Series,"Norm Hiscock Gary Howsam Mike Smith John Paul Tremblay Robb Wells",Canada,2019,TV-MA,1,TV Show
Bitter Daisies,Miguel Conde,Spain,2018,TV-MA,1,TV Show
GO! The Unforgettable Party,Mauro Scandolari,Argentina,2019,TV-PG,60,Movie
Guna 369,Arjun Jandyala,India,2019,TV-MA,143,Movie
House Arrest,"Shashanka Ghosh Samit Basu",India,2019,TV-14,105,Movie
K-on! the movie,Naoko Yamada,Japan,2011,TV-PG,110,Movie
Klaus,Sergio Pablos,Spain,2019,PG,98,Movie
Leap Year,Anand Tucker,Ireland,2010,PG,100,Movie
SunGanges,Valli Bindana,India,2018,TV-PG,74,Movie
The Garden of Words,Makoto Shinkai,Japan,2013,TV-14,46,Movie
Clarence Clemons: Who Do I Think I Am?,Nick Mead,United States,2019,TV-MA,88,Movie
Fadily Camara : La plus drÃ´le de tes copines,Gautier & Leduc,France,2019,TV-MA,54,Movie
Jeff Garlin: Our Man In Chicago,Christopher Storer,United States,2019,TV-MA,59,Movie
A Single Man,Tom Ford,United States,2009,R,100,Movie
Submission,J.M. Berrios,United States,2019,TV-MA,95,Movie
Kingdom,Kim Seong-hun,South Korea,2019,TV-MA,1,TV Show
Justice,Ahmed Khaled Moussa,United Arab Emirates,2018,TV-14,1,TV Show
Innocent,Seren YÃ¼ce,Turkey,2017,TV-MA,1,TV Show